auc,dogruluk
0.9545546958804705,0.8825142183853353
