ozellik,onem
add_to_cart,0.8051165090481655
monetary,0.03932003051442624
recency,0.025046827008221903
kategori_ilgi_orani,0.02422428117773582
frequency,0.019225636404594928
F,0.01813740662228999
M,0.01580647936951586
price_usd,0.012766311127049542
sepet_orani,0.011817462322613754
age,0.010814158808031495
R,0.008217141264869655
margin_usd,0.006247319310558134
oneri_skoru,0.0017781146790266946
pozitif_oran,0.0007461636580955856
ort_rating,0.0006047294584879904
page_view,0.00013142922631697326
