auc,dogruluk
0.9539472745444341,0.8816985022545487
