ozellik,onem
add_to_cart,0.8076534885033886
monetary,0.032024007475327756
kategori_ilgi_orani,0.02517820128935363
frequency,0.024822449308011762
recency,0.023755153997812136
F,0.017785461823309326
price_usd,0.015854739834801
M,0.01578320326006926
R,0.012333759416301517
age,0.011419698835531934
margin_usd,0.010057083188014834
pozitif_oran,0.0016893737869497856
ort_rating,0.001384992505509788
page_view,0.000258386775618703
