auc,dogruluk
0.9134391534391534,0.8466666666666667
