ozellik,onem
sepet_orani,0.22072270731853957
ort_yildiz,0.19607339536089588
ort_rating,0.15588302643951762
price_usd,0.15483479662046792
margin_usd,0.13168777751929037
page_view,0.08381251353147573
yorum_sayisi,0.056985783209812735
